t,R
0,0.999334443
0.01,0.999334443
0.02,0.999334443
0.03,0.999334443
0.04,0.999334443
0.05,0.999334443
0.06,0.999334443
0.07,0.999334443
0.08,0.999334443
0.09,0.999334443
0.1,0.999334443
0.11,0.999334443
0.12,0.999334443
0.13,0.999334443
0.14,0.999334443
0.15,0.999334443
0.16,0.999334443
0.17,0.999334443
0.18,0.999334443
0.19,0.999334443
0.2,0.999334443
0.21,0.999334443
0.22,0.999334443
0.23,0.999334443
0.24,0.999334443
0.25,0.999334443
0.26,0.999334443
0.27,0.999334443
0.28,0.999334443
0.29,0.999334443
0.3,0.999334443
0.31,0.999334443
0.32,0.999334443
0.33,0.999334443
0.34,0.999334443
0.35,0.999334443
0.36,0.999334443
0.37,0.999334443
0.38,0.999334443
0.39,0.999334443
0.4,0.999334443
0.41,0.999334443
0.42,0.999334443
0.43,0.999334443
0.44,0.999334443
0.45,0.999334443
0.46,0.999334443
0.47,0.999334443
0.48,0.999334443
0.49,0.999334443
0.5,0.999334443
0.51,0.999334443
0.52,0.999334443
0.53,0.999334443
0.54,0.999334443
0.55,0.999334443
0.56,0.999334443
0.57,0.999334443
0.58,0.999334443
0.59,0.999334443
0.6,0.999334443
0.61,0.999334443
0.62,0.999334443
0.63,0.999334443
0.64,0.999334443
0.65,0.999334443
0.66,0.999334443
0.67,0.999334443
0.68,0.999334443
0.69,0.999334443
0.7,0.999334443
0.71,0.999334443
0.72,0.999334443
0.73,0.999334443
0.74,0.999334443
0.75,0.999334443
0.76,0.999334443
0.77,0.999334443
0.78,0.999334443
0.79,0.999334443
0.8,0.999334443
0.81,0.999334443
0.82,0.999334443
0.83,0.999334443
0.84,0.999334443
0.85,0.999334443
0.86,0.999334443
0.87,0.999334443
0.88,0.999334443
0.89,0.999334443
0.9,0.999334443
0.91,0.999334443
0.92,0.999334443
0.93,0.999334443
0.94,0.999334443
0.95,0.999334443
0.96,0.999334443
0.97,0.999334443
0.98,0.999334443
0.99,0.999334443
1,0.999334443
1.01,0.999334443
1.02,0.999334443
1.03,0.999334443
1.04,0.999334443
1.05,0.999334443
1.06,0.999334443
1.07,0.999334443
1.08,0.999334443
1.09,0.999334443
1.1,0.999334443
1.11,0.999334443
1.12,0.999334443
1.13,0.999334443
1.14,0.999334443
1.15,0.999334443
1.16,0.999334443
1.17,0.999334443
1.18,0.999334443
1.19,0.999334443
1.2,0.999334443
1.21,0.999334443
1.22,0.999334443
1.23,0.999334443
1.24,0.999334443
1.25,0.999334443
1.26,0.999334443
1.27,0.999334443
1.28,0.999334443
1.29,0.999334443
1.3,0.999334443
1.31,0.999334443
1.32,0.999334443
1.33,0.999334443
1.34,0.999334443
1.35,0.999334443
1.36,0.999334443
1.37,0.999334443
1.38,0.999334443
1.39,0.999334443
1.4,0.999334443
1.41,0.999334443
1.42,0.999334443
1.43,0.999334443
1.44,0.999334443
1.45,0.999334443
1.46,0.999334443
1.47,0.999334443
1.48,0.999334443
1.49,0.999334443
1.5,0.999334443
1.51,0.999334443
1.52,0.999334443
1.53,0.999334443
1.54,0.999334443
1.55,0.999334443
1.56,0.999334443
1.57,0.999334443
1.58,0.999334443
1.59,0.999334443
1.6,0.999334443
1.61,0.999334443
1.62,0.999334443
1.63,0.999334443
1.64,0.999334443
1.65,0.999334443
1.66,0.999334443
1.67,0.999334443
1.68,0.999334443
1.69,0.999334443
1.7,0.999334443
1.71,0.999334443
1.72,0.999334443
1.73,0.999334443
1.74,0.999334443
1.75,0.999334443
1.76,0.999334443
1.77,0.999334443
1.78,0.999334443
1.79,0.999334443
1.8,0.999334443
1.81,0.999334443
1.82,0.999334443
1.83,0.999334443
1.84,0.999334443
1.85,0.999334443
1.86,0.999334443
1.87,0.999334443
1.88,0.999334443
1.89,0.999334443
1.9,0.999334443
1.91,0.999334443
1.92,0.999334443
1.93,0.999334443
1.94,0.999334443
1.95,0.999334443
1.96,0.999334443
1.97,0.999334443
1.98,0.999334443
1.99,0.999334443
2,0.999334443
2.01,0.999334443
2.02,0.999334443
2.03,0.999334443
2.04,0.999334443
2.05,0.999334443
2.06,0.999334443
2.07,0.999334443
2.08,0.999334443
2.09,0.999334443
2.1,0.999334443
2.11,0.999334443
2.12,0.999334443
2.13,0.999334443
2.14,0.999334443
2.15,0.999334443
2.16,0.999334443
2.17,0.999334443
2.18,0.999334443
2.19,0.999334443
2.2,0.999334443
2.21,0.999334443
2.22,0.999334443
2.23,0.999334443
2.24,0.999334443
2.25,0.999334443
2.26,0.999334443
2.27,0.999334443
2.28,0.999334443
2.29,0.999334443
2.3,0.999334443
2.31,0.999334443
2.32,0.999334443
2.33,0.999334443
2.34,0.999334443
2.35,0.999334443
2.36,0.999334443
2.37,0.999334443
2.38,0.999334443
2.39,0.999334443
2.4,0.999334443
2.41,0.999334443
2.42,0.999334443
2.43,0.999334443
2.44,0.999334443
2.45,0.999334443
2.46,0.999334443
2.47,0.999334443
2.48,0.999334443
2.49,0.999334443
2.5,0.999334443
2.51,0.999334443
2.52,0.999334443
2.53,0.999334443
2.54,0.999334443
2.55,0.999334443
2.56,0.999334443
2.57,0.999334443
2.58,0.999334443
2.59,0.999334443
2.6,0.999334443
2.61,0.999334443
2.62,0.999334443
2.63,0.999334443
2.64,0.999334443
2.65,0.999334443
2.66,0.999334443
2.67,0.999334443
2.68,0.999334443
2.69,0.999334443
2.7,0.999334443
2.71,0.999334443
2.72,0.999334443
2.73,0.999334443
2.74,0.999334443
2.75,0.999334443
2.76,0.999334443
2.77,0.999334443
2.78,0.999334443
2.79,0.999334443
2.8,0.999334443
2.81,0.999334443
2.82,0.999334443
2.83,0.999334443
2.84,0.999334443
2.85,0.999334443
2.86,0.999334443
2.87,0.999334443
2.88,0.999334443
2.89,0.999334443
2.9,0.999334443
2.91,0.999334443
2.92,0.999334443
2.93,0.999334443
2.94,0.999334443
2.95,0.999334443
2.96,0.999334443
2.97,0.999334443
2.98,0.999334443
2.99,0.999334443
3,0.999334443
3.01,0.999334443
3.02,0.999334443
3.03,0.999334443
3.04,0.999334443
3.05,0.999334443
3.06,0.999334443
3.07,0.999334443
3.08,0.999334443
3.09,0.999334443
3.1,0.999334443
3.11,0.999334443
3.12,0.999334443
3.13,0.999334443
3.14,0.999334443
3.15,0.999334443
3.16,0.999334443
3.17,0.999334443
3.18,0.999334443
3.19,0.999334443
3.2,0.999334443
3.21,0.999334443
3.22,0.999334443
3.23,0.999334443
3.24,0.999334443
3.25,0.999334443
3.26,0.999334443
3.27,0.999334443
3.28,0.999334443
3.29,0.999334443
3.3,0.999334443
3.31,0.999334443
3.32,0.999334443
3.33,0.999334443
3.34,0.999334443
3.35,0.999334443
3.36,0.999334443
3.37,0.999334443
3.38,0.999334443
3.39,0.999334443
3.4,0.999334443
3.41,0.999334443
3.42,0.999334443
3.43,0.999334443
3.44,0.999334443
3.45,0.999334443
3.46,0.999334443
3.47,0.999334443
3.48,0.999334443
3.49,0.999334443
3.5,0.999334443
3.51,0.999334443
3.52,0.999334443
3.53,0.999334443
3.54,0.999334443
3.55,0.999334443
3.56,0.999334443
3.57,0.999334443
3.58,0.999334443
3.59,0.999334443
3.6,0.999334443
3.61,0.999334443
3.62,0.999334443
3.63,0.999334443
3.64,0.999334443
3.65,0.999334443
3.66,0.999334443
3.67,0.999334443
3.68,0.999334443
3.69,0.999334443
3.7,0.999334443
3.71,0.999334443
3.72,0.999334443
3.73,0.999334443
3.74,0.999334443
3.75,0.999334443
3.76,0.999334443
3.77,0.999334443
3.78,0.999334443
3.79,0.999334443
3.8,0.999334443
3.81,0.999334443
3.82,0.999334443
3.83,0.999334443
3.84,0.999334443
3.85,0.999334443
3.86,0.999334443
3.87,0.999334443
3.88,0.999334443
3.89,0.999334443
3.9,0.999334443
3.91,0.999334443
3.92,0.999334443
3.93,0.999334443
3.94,0.999334443
3.95,0.999334443
3.96,0.999334443
3.97,0.999334443
3.98,0.999334443
3.99,0.999334443
4,0.999334443
4.01,0.999334443
4.02,0.999334443
4.03,0.999334443
4.04,0.999334443
4.05,0.999334443
4.06,0.999334443
4.07,0.999334443
4.08,0.999334443
4.09,0.999334443
4.1,0.999334443
4.11,0.999334443
4.12,0.999334443
4.13,0.999334443
4.14,0.999334443
4.15,0.999334443
4.16,0.999334443
4.17,0.999334443
4.18,0.999334443
4.19,0.999334443
4.2,0.999334443
4.21,0.999334443
4.22,0.999334443
4.23,0.999334443
4.24,0.999334443
4.25,0.999334443
4.26,0.999334443
4.27,0.999334443
4.28,0.999334443
4.29,0.999334443
4.3,0.999334443
4.31,0.999334443
4.32,0.999334443
4.33,0.999334443
4.34,0.999334443
4.35,0.999334443
4.36,0.999334443
4.37,0.999334443
4.38,0.999334443
4.39,0.999334443
4.4,0.999334443
4.41,0.999334443
4.42,0.999334443
4.43,0.999334443
4.44,0.999334443
4.45,0.999334443
4.46,0.999334443
4.47,0.999334443
4.48,0.999334443
4.49,0.999334443
4.5,0.999334443
4.51,0.999334443
4.52,0.999334443
4.53,0.999334443
4.54,0.999334443
4.55,0.999334443
4.56,0.999334443
4.57,0.999334443
4.58,0.999334443
4.59,0.999334443
4.6,0.999334443
4.61,0.999334443
4.62,0.999334443
4.63,0.999334443
4.64,0.999334443
4.65,0.999334443
4.66,0.999334443
4.67,0.999334443
4.68,0.999334443
4.69,0.999334443
4.7,0.999334443
4.71,0.999334443
4.72,0.999334443
4.73,0.999334443
4.74,0.999334443
4.75,0.999334443
4.76,0.999334443
4.77,0.999334443
4.78,0.999334443
4.79,0.999334443
4.8,0.999334443
4.81,0.999334443
4.82,0.999334443
4.83,0.999334443
4.84,0.999334443
4.85,0.999334443
4.86,0.999334443
4.87,0.999334443
4.88,0.999334443
4.89,0.999334443
4.9,0.999334443
4.91,0.999334443
4.92,0.999334443
4.93,0.999334443
4.94,0.999334443
4.95,0.999334443
4.96,0.999334443
4.97,0.999334443
4.98,0.999334443
4.99,0.999334443
5,0.999334443
5.01,0.9993344432
5.02,0.9993344436
5.03,0.9993344443
5.04,0.9993344453
5.05,0.9993344465
5.06,0.9993344481
5.07,0.9993344499
5.08,0.999334452
5.09,0.9993344543
5.1,0.999334457
5.11,0.9993344599
5.12,0.999334463
5.13,0.9993344665
5.14,0.9993344702
5.15,0.9993344741
5.16,0.9993344783
5.17,0.9993344828
5.18,0.9993344874
5.19,0.9993344924
5.2,0.9993344976
5.21,0.999334503
5.22,0.9993345086
5.23,0.9993345145
5.24,0.9993345206
5.25,0.9993345269
5.26,0.9993345334
5.27,0.9993345401
5.28,0.999334547
5.29,0.9993345542
5.3,0.9993345615
5.31,0.999334569
5.32,0.9993345767
5.33,0.9993345846
5.34,0.9993345926
5.35,0.9993346008
5.36,0.9993346092
5.37,0.9993346177
5.38,0.9993346264
5.39,0.9993346353
5.4,0.9993346442
5.41,0.9993346534
5.42,0.9993346626
5.43,0.999334672
5.44,0.9993346814
5.45,0.999334691
5.46,0.9993347007
5.47,0.9993347105
5.48,0.9993347204
5.49,0.9993347304
5.5,0.9993347404
5.51,0.9993347505
5.52,0.9993347607
5.53,0.9993347709
5.54,0.9993347811
5.55,0.9993347914
5.56,0.9993348018
5.57,0.9993348121
5.58,0.9993348225
5.59,0.9993348329
5.6,0.9993348433
5.61,0.9993348537
5.62,0.9993348641
5.63,0.9993348744
5.64,0.9993348848
5.65,0.9993348951
5.66,0.9993349054
5.67,0.9993349157
5.68,0.9993349259
5.69,0.999334936
5.7,0.9993349461
5.71,0.9993349562
5.72,0.9993349662
5.73,0.9993349762
5.74,0.999334986
5.75,0.9993349959
5.76,0.9993350056
5.77,0.9993350153
5.78,0.9993350249
5.79,0.9993350345
5.8,0.999335044
5.81,0.9993350534
5.82,0.9993350627
5.83,0.999335072
5.84,0.9993350813
5.85,0.9993350904
5.86,0.9993350996
5.87,0.9993351087
5.88,0.9993351177
5.89,0.9993351267
5.9,0.9993351356
5.91,0.9993351446
5.92,0.9993351535
5.93,0.9993351623
5.94,0.9993351712
5.95,0.99933518
5.96,0.9993351889
5.97,0.9993351978
5.98,0.9993352066
5.99,0.9993352155
6,0.9993352244
6.01,0.9993352333
6.02,0.9993352423
6.03,0.9993352513
6.04,0.9993352604
6.05,0.9993352695
6.06,0.9993352786
6.07,0.9993352878
6.08,0.9993352971
6.09,0.9993353065
6.1,0.9993353159
6.11,0.9993353254
6.12,0.9993353349
6.13,0.9993353446
6.14,0.9993353543
6.15,0.9993353641
6.16,0.999335374
6.17,0.9993353839
6.18,0.999335394
6.19,0.9993354041
6.2,0.9993354142
6.21,0.9993354245
6.22,0.9993354348
6.23,0.9993354451
6.24,0.9993354555
6.25,0.999335466
6.26,0.9993354765
6.27,0.999335487
6.28,0.9993354975
6.29,0.9993355081
6.3,0.9993355186
6.31,0.9993355291
6.32,0.9993355396
6.33,0.9993355501
6.34,0.9993355606
6.35,0.9993355709
6.36,0.9993355813
6.37,0.9993355915
6.38,0.9993356016
6.39,0.9993356117
6.4,0.9993356216
6.41,0.9993356313
6.42,0.999335641
6.43,0.9993356504
6.44,0.9993356597
6.45,0.9993356689
6.46,0.9993356778
6.47,0.9993356865
6.48,0.999335695
6.49,0.9993357032
6.5,0.9993357112
6.51,0.9993357189
6.52,0.9993357264
6.53,0.9993357336
6.54,0.9993357405
6.55,0.9993357471
6.56,0.9993357534
6.57,0.9993357593
6.58,0.999335765
6.59,0.9993357703
6.6,0.9993357753
6.61,0.9993357799
6.62,0.9993357842
6.63,0.9993357881
6.64,0.9993357917
6.65,0.9993357949
6.66,0.9993357978
6.67,0.9993358003
6.68,0.9993358024
6.69,0.9993358041
6.7,0.9993358055
6.71,0.9993358065
6.72,0.9993358072
6.73,0.9993358074
6.74,0.9993358074
6.75,0.9993358069
6.76,0.9993358061
6.77,0.999335805
6.78,0.9993358035
6.79,0.9993358017
6.8,0.9993357995
6.81,0.999335797
6.82,0.9993357942
6.83,0.9993357911
6.84,0.9993357876
6.85,0.9993357839
6.86,0.9993357798
6.87,0.9993357755
6.88,0.9993357709
6.89,0.999335766
6.9,0.9993357608
6.91,0.9993357554
6.92,0.9993357497
6.93,0.9993357438
6.94,0.9993357377
6.95,0.9993357313
6.96,0.9993357247
6.97,0.9993357178
6.98,0.9993357108
6.99,0.9993357036
7,0.9993356962
7.01,0.9993356886
7.02,0.9993356808
7.03,0.9993356728
7.04,0.9993356646
7.05,0.9993356563
7.06,0.9993356478
7.07,0.9993356391
7.08,0.9993356303
7.09,0.9993356213
7.1,0.9993356122
7.11,0.9993356028
7.12,0.9993355933
7.13,0.9993355837
7.14,0.9993355739
7.15,0.9993355639
7.16,0.9993355537
7.17,0.9993355433
7.18,0.9993355327
7.19,0.999335522
7.2,0.999335511
7.21,0.9993354999
7.22,0.9993354885
7.23,0.9993354769
7.24,0.999335465
7.25,0.9993354529
7.26,0.9993354406
7.27,0.999335428
7.28,0.999335415
7.29,0.9993354018
7.3,0.9993353883
7.31,0.9993353745
7.32,0.9993353604
7.33,0.9993353459
7.34,0.9993353311
7.35,0.9993353159
7.36,0.9993353003
7.37,0.9993352844
7.38,0.999335268
7.39,0.9993352513
7.4,0.9993352341
7.41,0.9993352165
7.42,0.9993351985
7.43,0.99933518
7.44,0.9993351611
7.45,0.9993351417
7.46,0.9993351218
7.47,0.9993351015
7.48,0.9993350807
7.49,0.9993350594
7.5,0.9993350377
7.51,0.9993350155
7.52,0.9993349927
7.53,0.9993349695
7.54,0.9993349458
7.55,0.9993349217
7.56,0.999334897
7.57,0.9993348719
7.58,0.9993348463
7.59,0.9993348202
7.6,0.9993347937
7.61,0.9993347667
7.62,0.9993347392
7.63,0.9993347113
7.64,0.999334683
7.65,0.9993346542
7.66,0.9993346251
7.67,0.9993345955
7.68,0.9993345655
7.69,0.9993345351
7.7,0.9993345044
7.71,0.9993344733
7.72,0.9993344418
7.73,0.99933441
7.74,0.9993343779
7.75,0.9993343455
7.76,0.9993343127
7.77,0.9993342797
7.78,0.9993342464
7.79,0.9993342129
7.8,0.9993341791
7.81,0.999334145
7.82,0.9993341108
7.83,0.9993340763
7.84,0.9993340416
7.85,0.9993340068
7.86,0.9993339718
7.87,0.9993339366
7.88,0.9993339013
7.89,0.9993338659
7.9,0.9993338303
7.91,0.9993337946
7.92,0.9993337589
7.93,0.999333723
7.94,0.9993336871
7.95,0.9993336511
7.96,0.999333615
7.97,0.9993335789
7.98,0.9993335427
7.99,0.9993335065
8,0.9993334702
8.01,0.999333434
8.02,0.9993333977
8.03,0.9993333614
8.04,0.999333325
8.05,0.9993332887
8.06,0.9993332524
8.07,0.999333216
8.08,0.9993331797
8.09,0.9993331433
8.1,0.9993331069
8.11,0.9993330705
8.12,0.9993330342
8.13,0.9993329977
8.14,0.9993329613
8.15,0.9993329249
8.16,0.9993328884
8.17,0.9993328519
8.18,0.9993328154
8.19,0.9993327788
8.2,0.9993327421
8.21,0.9993327054
8.22,0.9993326687
8.23,0.9993326319
8.24,0.9993325949
8.25,0.9993325579
8.26,0.9993325209
8.27,0.9993324837
8.28,0.9993324463
8.29,0.9993324089
8.3,0.9993323714
8.31,0.9993323337
8.32,0.9993322958
8.33,0.9993322578
8.34,0.9993322197
8.35,0.9993321814
8.36,0.9993321429
8.37,0.9993321043
8.38,0.9993320654
8.39,0.9993320264
8.4,0.9993319872
8.41,0.9993319478
8.42,0.9993319082
8.43,0.9993318684
8.44,0.9993318285
8.45,0.9993317883
8.46,0.9993317479
8.47,0.9993317074
8.48,0.9993316666
8.49,0.9993316257
8.5,0.9993315846
8.51,0.9993315433
8.52,0.9993315019
8.53,0.9993314603
8.54,0.9993314185
8.55,0.9993313766
8.56,0.9993313346
8.57,0.9993312925
8.58,0.9993312502
8.59,0.9993312078
8.6,0.9993311654
8.61,0.9993311229
8.62,0.9993310803
8.63,0.9993310377
8.64,0.9993309951
8.65,0.9993309524
8.66,0.9993309098
8.67,0.9993308672
8.68,0.9993308246
8.69,0.9993307821
8.7,0.9993307396
8.71,0.9993306972
8.72,0.999330655
8.73,0.9993306128
8.74,0.9993305708
8.75,0.9993305289
8.76,0.9993304872
8.77,0.9993304457
8.78,0.9993304044
8.79,0.9993303633
8.8,0.9993303225
8.81,0.9993302819
8.82,0.9993302415
8.83,0.9993302014
8.84,0.9993301616
8.85,0.9993301221
8.86,0.9993300829
8.87,0.999330044
8.88,0.9993300054
8.89,0.9993299671
8.9,0.9993299292
8.91,0.9993298916
8.92,0.9993298544
8.93,0.9993298175
8.94,0.999329781
8.95,0.9993297449
8.96,0.9993297091
8.97,0.9993296737
8.98,0.9993296386
8.99,0.999329604
9,0.9993295696
9.01,0.9993295357
9.02,0.9993295022
9.03,0.999329469
9.04,0.9993294361
9.05,0.9993294037
9.06,0.9993293716
9.07,0.9993293398
9.08,0.9993293084
9.09,0.9993292774
9.1,0.9993292467
9.11,0.9993292163
9.12,0.9993291863
9.13,0.9993291566
9.14,0.9993291273
9.15,0.9993290982
9.16,0.9993290695
9.17,0.9993290411
9.18,0.9993290131
9.19,0.9993289853
9.2,0.9993289578
9.21,0.9993289307
9.22,0.9993289038
9.23,0.9993288772
9.24,0.999328851
9.25,0.999328825
9.26,0.9993287993
9.27,0.9993287739
9.28,0.9993287488
9.29,0.9993287239
9.3,0.9993286994
9.31,0.9993286752
9.32,0.9993286512
9.33,0.9993286276
9.34,0.9993286042
9.35,0.9993285811
9.36,0.9993285584
9.37,0.999328536
9.38,0.9993285139
9.39,0.9993284921
9.4,0.9993284706
9.41,0.9993284495
9.42,0.9993284287
9.43,0.9993284083
9.44,0.9993283883
9.45,0.9993283686
9.46,0.9993283493
9.47,0.9993283304
9.48,0.999328312
9.49,0.9993282939
9.5,0.9993282763
9.51,0.9993282591
9.52,0.9993282424
9.53,0.9993282262
9.54,0.9993282104
9.55,0.9993281952
9.56,0.9993281804
9.57,0.9993281662
9.58,0.9993281526
9.59,0.9993281394
9.6,0.9993281269
9.61,0.9993281149
9.62,0.9993281036
9.63,0.9993280928
9.64,0.9993280826
9.65,0.9993280731
9.66,0.9993280642
9.67,0.9993280559
9.68,0.9993280483
9.69,0.9993280413
9.7,0.9993280351
9.71,0.9993280294
9.72,0.9993280245
9.73,0.9993280202
9.74,0.9993280166
9.75,0.9993280138
9.76,0.9993280115
9.77,0.99932801
9.78,0.9993280092
9.79,0.999328009
9.8,0.9993280095
9.81,0.9993280107
9.82,0.9993280125
9.83,0.999328015
9.84,0.9993280182
9.85,0.999328022
9.86,0.9993280264
9.87,0.9993280315
9.88,0.9993280372
9.89,0.9993280435
9.9,0.9993280503
9.91,0.9993280578
9.92,0.9993280658
9.93,0.9993280744
9.94,0.9993280835
9.95,0.9993280931
9.96,0.9993281033
9.97,0.9993281139
9.98,0.9993281251
9.99,0.9993281367
10,0.9993281488
10.01,0.9993281613
10.02,0.9993281743
10.03,0.9993281877
10.04,0.9993282015
10.05,0.9993282158
10.06,0.9993282304
10.07,0.9993282454
10.08,0.9993282608
10.09,0.9993282766
10.1,0.9993282927
10.11,0.9993283092
10.12,0.9993283261
10.13,0.9993283433
10.14,0.9993283608
10.15,0.9993283788
10.16,0.999328397
10.17,0.9993284157
10.18,0.9993284346
10.19,0.999328454
10.2,0.9993284737
10.21,0.9993284938
10.22,0.9993285143
10.23,0.9993285351
10.24,0.9993285563
10.25,0.999328578
10.26,0.9993286001
10.27,0.9993286226
10.28,0.9993286455
10.29,0.9993286689
10.3,0.9993286927
10.31,0.999328717
10.32,0.9993287419
10.33,0.9993287672
10.34,0.9993287931
10.35,0.9993288195
10.36,0.9993288464
10.37,0.999328874
10.38,0.9993289021
10.39,0.9993289309
10.4,0.9993289602
10.41,0.9993289902
10.42,0.9993290209
10.43,0.9993290523
10.44,0.9993290843
10.45,0.9993291171
10.46,0.9993291505
10.47,0.9993291847
10.48,0.9993292197
10.49,0.9993292554
10.5,0.9993292919
10.51,0.9993293292
10.52,0.9993293673
10.53,0.9993294061
10.54,0.9993294458
10.55,0.9993294863
10.56,0.9993295277
10.57,0.9993295698
10.58,0.9993296128
10.59,0.9993296567
10.6,0.9993297013
10.61,0.9993297468
10.62,0.9993297932
10.63,0.9993298404
10.64,0.9993298884
10.65,0.9993299372
10.66,0.9993299868
10.67,0.9993300373
10.68,0.9993300886
10.69,0.9993301406
10.7,0.9993301934
10.71,0.999330247
10.72,0.9993303014
10.73,0.9993303564
10.74,0.9993304122
10.75,0.9993304688
10.76,0.999330526
10.77,0.9993305838
10.78,0.9993306424
10.79,0.9993307015
10.8,0.9993307613
10.81,0.9993308217
10.82,0.9993308826
10.83,0.9993309441
10.84,0.9993310061
10.85,0.9993310686
10.86,0.9993311317
10.87,0.9993311951
10.88,0.9993312591
10.89,0.9993313234
10.9,0.9993313881
10.91,0.9993314533
10.92,0.9993315188
10.93,0.9993315846
10.94,0.9993316507
10.95,0.9993317171
10.96,0.9993317838
10.97,0.9993318508
10.98,0.999331918
10.99,0.9993319855
11,0.9993320531
11.01,0.9993321209
11.02,0.9993321889
11.03,0.9993322571
11.04,0.9993323254
11.05,0.9993323939
11.06,0.9993324625
11.07,0.9993325312
11.08,0.9993326
11.09,0.9993326689
11.1,0.9993327379
11.11,0.999332807
11.12,0.9993328762
11.13,0.9993329455
11.14,0.9993330148
11.15,0.9993330842
11.16,0.9993331537
11.17,0.9993332233
11.18,0.9993332929
11.19,0.9993333626
11.2,0.9993334324
11.21,0.9993335023
11.22,0.9993335723
11.23,0.9993336423
11.24,0.9993337125
11.25,0.9993337828
11.26,0.9993338532
11.27,0.9993339237
11.28,0.9993339943
11.29,0.9993340651
11.3,0.9993341361
11.31,0.9993342072
11.32,0.9993342785
11.33,0.99933435
11.34,0.9993344217
11.35,0.9993344935
11.36,0.9993345656
11.37,0.9993346379
11.38,0.9993347105
11.39,0.9993347833
11.4,0.9993348563
11.41,0.9993349296
11.42,0.9993350031
11.43,0.999335077
11.44,0.9993351511
11.45,0.9993352254
11.46,0.9993353001
11.47,0.999335375
11.48,0.9993354503
11.49,0.9993355258
11.5,0.9993356015
11.51,0.9993356776
11.52,0.9993357539
11.53,0.9993358305
11.54,0.9993359074
11.55,0.9993359844
11.56,0.9993360618
11.57,0.9993361393
11.58,0.9993362171
11.59,0.999336295
11.6,0.9993363731
11.61,0.9993364514
11.62,0.9993365298
11.63,0.9993366084
11.64,0.999336687
11.65,0.9993367657
11.66,0.9993368444
11.67,0.9993369232
11.68,0.999337002
11.69,0.9993370807
11.7,0.9993371594
11.71,0.999337238
11.72,0.9993373165
11.73,0.9993373949
11.74,0.9993374731
11.75,0.999337551
11.76,0.9993376288
11.77,0.9993377063
11.78,0.9993377834
11.79,0.9993378603
11.8,0.9993379368
11.81,0.999338013
11.82,0.9993380887
11.83,0.999338164
11.84,0.9993382388
11.85,0.9993383131
11.86,0.9993383869
11.87,0.9993384601
11.88,0.9993385328
11.89,0.9993386049
11.9,0.9993386763
11.91,0.9993387471
11.92,0.9993388172
11.93,0.9993388867
11.94,0.9993389554
11.95,0.9993390234
11.96,0.9993390906
11.97,0.9993391571
11.98,0.9993392228
11.99,0.9993392876
12,0.9993393517
12.01,0.999339415
12.02,0.9993394773
12.03,0.9993395389
12.04,0.9993395996
12.05,0.9993396594
12.06,0.9993397183
12.07,0.9993397764
12.08,0.9993398336
12.09,0.9993398898
12.1,0.9993399452
12.11,0.9993399997
12.12,0.9993400533
12.13,0.9993401059
12.14,0.9993401577
12.15,0.9993402086
12.16,0.9993402586
12.17,0.9993403077
12.18,0.9993403559
12.19,0.9993404032
12.2,0.9993404496
12.21,0.9993404952
12.22,0.9993405399
12.23,0.9993405838
12.24,0.9993406267
12.25,0.9993406689
12.26,0.9993407102
12.27,0.9993407507
12.28,0.9993407903
12.29,0.9993408292
12.3,0.9993408672
12.31,0.9993409044
12.32,0.9993409409
12.33,0.9993409765
12.34,0.9993410114
12.35,0.9993410455
12.36,0.9993410788
12.37,0.9993411114
12.38,0.9993411431
12.39,0.9993411742
12.4,0.9993412044
12.41,0.9993412339
12.42,0.9993412627
12.43,0.9993412907
12.44,0.9993413179
12.45,0.9993413443
12.46,0.99934137
12.47,0.9993413949
12.48,0.9993414189
12.49,0.9993414422
12.5,0.9993414647
12.51,0.9993414864
12.52,0.9993415072
12.53,0.9993415272
12.54,0.9993415463
12.55,0.9993415645
12.56,0.9993415819
12.57,0.9993415983
12.58,0.9993416138
12.59,0.9993416284
12.6,0.999341642
12.61,0.9993416546
12.62,0.9993416661
12.63,0.9993416767
12.64,0.9993416862
12.65,0.9993416946
12.66,0.9993417019
12.67,0.9993417081
12.68,0.9993417132
12.69,0.9993417171
12.7,0.9993417198
12.71,0.9993417213
12.72,0.9993417215
12.73,0.9993417205
12.74,0.9993417182
12.75,0.9993417147
12.76,0.9993417098
12.77,0.9993417036
12.78,0.9993416961
12.79,0.9993416872
12.8,0.9993416769
12.81,0.9993416652
12.82,0.9993416521
12.83,0.9993416376
12.84,0.9993416217
12.85,0.9993416043
12.86,0.9993415855
12.87,0.9993415653
12.88,0.9993415436
12.89,0.9993415205
12.9,0.9993414959
12.91,0.9993414698
12.92,0.9993414423
12.93,0.9993414134
12.94,0.999341383
12.95,0.9993413512
12.96,0.9993413179
12.97,0.9993412832
12.98,0.9993412471
12.99,0.9993412096
13,0.9993411708
13.01,0.9993411305
13.02,0.9993410889
13.03,0.999341046
13.04,0.9993410017
13.05,0.9993409561
13.06,0.9993409093
13.07,0.9993408612
13.08,0.9993408119
13.09,0.9993407613
13.1,0.9993407096
13.11,0.9993406567
13.12,0.9993406027
13.13,0.9993405475
13.14,0.9993404913
13.15,0.999340434
13.16,0.9993403757
13.17,0.9993403164
13.18,0.9993402561
13.19,0.9993401948
13.2,0.9993401326
13.21,0.9993400696
13.22,0.9993400057
13.23,0.9993399409
13.24,0.9993398753
13.25,0.999339809
13.26,0.9993397419
13.27,0.999339674
13.28,0.9993396055
13.29,0.9993395363
13.3,0.9993394664
13.31,0.9993393959
13.32,0.9993393248
13.33,0.9993392532
13.34,0.9993391809
13.35,0.9993391081
13.36,0.9993390348
13.37,0.999338961
13.38,0.9993388867
13.39,0.999338812
13.4,0.9993387368
13.41,0.9993386611
13.42,0.9993385851
13.43,0.9993385086
13.44,0.9993384318
13.45,0.9993383545
13.46,0.9993382769
13.47,0.999338199
13.48,0.9993381207
13.49,0.999338042
13.5,0.9993379631
13.51,0.9993378838
13.52,0.9993378042
13.53,0.9993377243
13.54,0.9993376441
13.55,0.9993375636
13.56,0.9993374828
13.57,0.9993374017
13.58,0.9993373203
13.59,0.9993372387
13.6,0.9993371568
13.61,0.9993370746
13.62,0.9993369922
13.63,0.9993369095
13.64,0.9993368266
13.65,0.9993367434
13.66,0.9993366599
13.67,0.9993365763
13.68,0.9993364924
13.69,0.9993364082
13.7,0.9993363239
13.71,0.9993362393
13.72,0.9993361546
13.73,0.9993360696
13.74,0.9993359845
13.75,0.9993358991
13.76,0.9993358136
13.77,0.999335728
13.78,0.9993356422
13.79,0.9993355562
13.8,0.9993354701
13.81,0.999335384
13.82,0.9993352977
13.83,0.9993352113
13.84,0.9993351249
13.85,0.9993350384
13.86,0.9993349519
13.87,0.9993348653
13.88,0.9993347788
13.89,0.9993346923
13.9,0.9993346058
13.91,0.9993345194
13.92,0.999334433
13.93,0.9993343468
13.94,0.9993342606
13.95,0.9993341747
13.96,0.9993340889
13.97,0.9993340033
13.98,0.9993339179
13.99,0.9993338327
14,0.9993337478
14.01,0.9993336632
14.02,0.9993335789
14.03,0.999333495
14.04,0.9993334114
14.05,0.9993333282
14.06,0.9993332454
14.07,0.999333163
14.08,0.9993330811
14.09,0.9993329997
14.1,0.9993329188
14.11,0.9993328385
14.12,0.9993327587
14.13,0.9993326795
14.14,0.9993326009
14.15,0.9993325229
14.16,0.9993324455
14.17,0.9993323689
14.18,0.9993322929
14.19,0.9993322176
14.2,0.999332143
14.21,0.9993320692
14.22,0.9993319962
14.23,0.9993319239
14.24,0.9993318524
14.25,0.9993317817
14.26,0.9993317119
14.27,0.9993316428
14.28,0.9993315747
14.29,0.9993315073
14.3,0.9993314409
14.31,0.9993313753
14.32,0.9993313106
14.33,0.9993312468
14.34,0.9993311838
14.35,0.9993311218
14.36,0.9993310608
14.37,0.9993310006
14.38,0.9993309413
14.39,0.999330883
14.4,0.9993308256
14.41,0.9993307691
14.42,0.9993307136
14.43,0.999330659
14.44,0.9993306054
14.45,0.9993305527
14.46,0.9993305009
14.47,0.9993304501
14.48,0.9993304002
14.49,0.9993303513
14.5,0.9993303033
14.51,0.9993302563
14.52,0.9993302102
14.53,0.9993301651
14.54,0.9993301209
14.55,0.9993300777
14.56,0.9993300354
14.57,0.9993299941
14.58,0.9993299538
14.59,0.9993299143
14.6,0.9993298759
14.61,0.9993298384
14.62,0.9993298018
14.63,0.9993297663
14.64,0.9993297317
14.65,0.999329698
14.66,0.9993296653
14.67,0.9993296336
14.68,0.9993296029
14.69,0.9993295731
14.7,0.9993295444
14.71,0.9993295166
14.72,0.9993294898
14.73,0.999329464
14.74,0.9993294391
14.75,0.9993294153
14.76,0.9993293925
14.77,0.9993293707
14.78,0.99932935
14.79,0.9993293302
14.8,0.9993293115
14.81,0.9993292938
14.82,0.9993292771
14.83,0.9993292615
14.84,0.9993292469
14.85,0.9993292333
14.86,0.9993292208
14.87,0.9993292094
14.88,0.999329199
14.89,0.9993291897
14.9,0.9993291815
14.91,0.9993291743
14.92,0.9993291682
14.93,0.9993291631
14.94,0.9993291592
14.95,0.9993291563
14.96,0.9993291545
14.97,0.9993291537
14.98,0.999329154
14.99,0.9993291554
15,0.9993291579
15.01,0.9993291614
15.02,0.999329166
15.03,0.9993291717
15.04,0.9993291784
15.05,0.9993291861
15.06,0.9993291949
15.07,0.9993292047
15.08,0.9993292155
15.09,0.9993292274
15.1,0.9993292402
15.11,0.999329254
15.12,0.9993292689
15.13,0.9993292846
15.14,0.9993293014
15.15,0.999329319
15.16,0.9993293376
15.17,0.9993293571
15.18,0.9993293775
15.19,0.9993293988
15.2,0.9993294209
15.21,0.9993294439
15.22,0.9993294676
15.23,0.9993294922
15.24,0.9993295175
15.25,0.9993295436
15.26,0.9993295705
15.27,0.999329598
15.28,0.9993296263
15.29,0.9993296552
15.3,0.9993296847
15.31,0.9993297149
15.32,0.9993297457
15.33,0.999329777
15.34,0.9993298089
15.35,0.9993298413
15.36,0.9993298743
15.37,0.9993299077
15.38,0.9993299416
15.39,0.9993299759
15.4,0.9993300107
15.41,0.9993300458
15.42,0.9993300813
15.43,0.9993301172
15.44,0.9993301534
15.45,0.9993301899
15.46,0.9993302267
15.47,0.9993302638
15.48,0.9993303012
15.49,0.9993303388
15.5,0.9993303766
15.51,0.9993304146
15.52,0.9993304528
15.53,0.9993304912
15.54,0.9993305298
15.55,0.9993305685
15.56,0.9993306073
15.57,0.9993306463
15.58,0.9993306854
15.59,0.9993307246
15.6,0.9993307639
15.61,0.9993308033
15.62,0.9993308428
15.63,0.9993308823
15.64,0.9993309219
15.65,0.9993309616
15.66,0.9993310013
15.67,0.9993310411
15.68,0.9993310809
15.69,0.9993311207
15.7,0.9993311606
15.71,0.9993312005
15.72,0.9993312404
15.73,0.9993312803
15.74,0.9993313203
15.75,0.9993313602
15.76,0.9993314001
15.77,0.99933144
15.78,0.9993314799
15.79,0.9993315198
15.8,0.9993315597
15.81,0.9993315995
15.82,0.9993316393
15.83,0.999331679
15.84,0.9993317187
15.85,0.9993317583
15.86,0.9993317978
15.87,0.9993318372
15.88,0.9993318765
15.89,0.9993319158
15.9,0.9993319549
15.91,0.9993319938
15.92,0.9993320326
15.93,0.9993320713
15.94,0.9993321098
15.95,0.9993321481
15.96,0.9993321861
15.97,0.999332224
15.98,0.9993322616
15.99,0.999332299
16,0.9993323361
16.01,0.999332373
16.02,0.9993324095
16.03,0.9993324457
16.04,0.9993324816
16.05,0.9993325172
16.06,0.9993325524
16.07,0.9993325872
16.08,0.9993326216
16.09,0.9993326556
16.1,0.9993326891
16.11,0.9993327222
16.12,0.9993327549
16.13,0.9993327871
16.14,0.9993328187
16.15,0.9993328499
16.16,0.9993328805
16.17,0.9993329106
16.18,0.9993329402
16.19,0.9993329691
16.2,0.9993329975
16.21,0.9993330253
16.22,0.9993330525
16.23,0.999333079
16.24,0.9993331049
16.25,0.9993331302
16.26,0.9993331548
16.27,0.9993331787
16.28,0.9993332019
16.29,0.9993332245
16.3,0.9993332463
16.31,0.9993332674
16.32,0.9993332878
16.33,0.9993333075
16.34,0.9993333264
16.35,0.9993333445
16.36,0.9993333619
16.37,0.9993333785
16.38,0.9993333944
16.39,0.9993334094
16.4,0.9993334237
16.41,0.9993334372
16.42,0.9993334499
16.43,0.9993334618
16.44,0.9993334729
16.45,0.9993334832
16.46,0.9993334927
16.47,0.9993335013
16.48,0.9993335092
16.49,0.9993335163
16.5,0.9993335225
16.51,0.999333528
16.52,0.9993335326
16.53,0.9993335365
16.54,0.9993335395
16.55,0.9993335418
16.56,0.9993335432
16.57,0.9993335439
16.58,0.9993335438
16.59,0.999333543
16.6,0.9993335414
16.61,0.999333539
16.62,0.9993335359
16.63,0.999333532
16.64,0.9993335274
16.65,0.9993335222
16.66,0.9993335162
16.67,0.9993335095
16.68,0.9993335021
16.69,0.999333494
16.7,0.9993334853
16.71,0.9993334759
16.72,0.9993334659
16.73,0.9993334553
16.74,0.999333444
16.75,0.9993334322
16.76,0.9993334197
16.77,0.9993334067
16.78,0.999333393
16.79,0.9993333788
16.8,0.9993333641
16.81,0.9993333488
16.82,0.9993333329
16.83,0.9993333166
16.84,0.9993332997
16.85,0.9993332823
16.86,0.9993332644
16.87,0.999333246
16.88,0.9993332271
16.89,0.9993332077
16.9,0.9993331878
16.91,0.9993331675
16.92,0.9993331467
16.93,0.9993331254
16.94,0.9993331037
16.95,0.9993330816
16.96,0.9993330589
16.97,0.9993330359
16.98,0.9993330124
16.99,0.9993329884
17,0.999332964
17.01,0.9993329392
17.02,0.999332914
17.03,0.9993328884
17.04,0.9993328623
17.05,0.9993328358
17.06,0.9993328089
17.07,0.9993327816
17.08,0.9993327539
17.09,0.9993327258
17.1,0.9993326973
17.11,0.9993326684
17.12,0.9993326391
17.13,0.9993326095
17.14,0.9993325794
17.15,0.9993325491
17.16,0.9993325183
17.17,0.9993324872
17.18,0.9993324557
17.19,0.999332424
17.2,0.9993323918
17.21,0.9993323594
17.22,0.9993323266
17.23,0.9993322936
17.24,0.9993322603
17.25,0.9993322266
17.26,0.9993321927
17.27,0.9993321586
17.28,0.9993321242
17.29,0.9993320895
17.3,0.9993320547
17.31,0.9993320196
17.32,0.9993319844
17.33,0.999331949
17.34,0.9993319134
17.35,0.9993318776
17.36,0.9993318418
17.37,0.9993318058
17.38,0.9993317697
17.39,0.9993317335
17.4,0.9993316973
17.41,0.999331661
17.42,0.9993316247
17.43,0.9993315884
17.44,0.9993315521
17.45,0.9993315159
17.46,0.9993314796
17.47,0.9993314435
17.48,0.9993314074
17.49,0.9993313715
17.5,0.9993313357
17.51,0.9993313
17.52,0.9993312645
17.53,0.9993312292
17.54,0.9993311941
17.55,0.9993311592
17.56,0.9993311246
17.57,0.9993310902
17.58,0.9993310562
17.59,0.9993310224
17.6,0.999330989
17.61,0.9993309559
17.62,0.9993309232
17.63,0.9993308909
17.64,0.999330859
17.65,0.9993308276
17.66,0.9993307965
17.67,0.999330766
17.68,0.9993307359
17.69,0.9993307063
17.7,0.9993306772
17.71,0.9993306486
17.72,0.9993306206
17.73,0.9993305931
17.74,0.9993305662
17.75,0.9993305399
17.76,0.9993305142
17.77,0.999330489
17.78,0.9993304645
17.79,0.9993304406
17.8,0.9993304174
17.81,0.9993303948
17.82,0.9993303728
17.83,0.9993303515
17.84,0.9993303309
17.85,0.999330311
17.86,0.9993302917
17.87,0.9993302731
17.88,0.9993302553
17.89,0.9993302381
17.9,0.9993302216
17.91,0.9993302059
17.92,0.9993301908
17.93,0.9993301765
17.94,0.9993301629
17.95,0.99933015
17.96,0.9993301379
17.97,0.9993301264
17.98,0.9993301157
17.99,0.9993301058
18,0.9993300965
18.01,0.999330088
18.02,0.9993300803
18.03,0.9993300732
18.04,0.9993300669
18.05,0.9993300614
18.06,0.9993300565
18.07,0.9993300524
18.08,0.9993300491
18.09,0.9993300465
18.1,0.9993300446
18.11,0.9993300434
18.12,0.999330043
18.13,0.9993300433
18.14,0.9993300444
18.15,0.9993300461
18.16,0.9993300486
18.17,0.9993300519
18.18,0.9993300559
18.19,0.9993300606
18.2,0.999330066
18.21,0.9993300722
18.22,0.9993300791
18.23,0.9993300867
18.24,0.999330095
18.25,0.9993301041
18.26,0.9993301139
18.27,0.9993301244
18.28,0.9993301357
18.29,0.9993301477
18.3,0.9993301604
18.31,0.9993301738
18.32,0.9993301879
18.33,0.9993302028
18.34,0.9993302184
18.35,0.9993302347
18.36,0.9993302517
18.37,0.9993302694
18.38,0.9993302879
18.39,0.999330307
18.4,0.9993303269
18.41,0.9993303474
18.42,0.9993303687
18.43,0.9993303906
18.44,0.9993304132
18.45,0.9993304366
18.46,0.9993304606
18.47,0.9993304852
18.48,0.9993305106
18.49,0.9993305366
18.5,0.9993305633
18.51,0.9993305906
18.52,0.9993306186
18.53,0.9993306472
18.54,0.9993306764
18.55,0.9993307062
18.56,0.9993307367
18.57,0.9993307678
18.58,0.9993307994
18.59,0.9993308316
18.6,0.9993308645
18.61,0.9993308978
18.62,0.9993309318
18.63,0.9993309662
18.64,0.9993310012
18.65,0.9993310368
18.66,0.9993310728
18.67,0.9993311093
18.68,0.9993311463
18.69,0.9993311838
18.7,0.9993312218
18.71,0.9993312602
18.72,0.9993312991
18.73,0.9993313384
18.74,0.9993313782
18.75,0.9993314183
18.76,0.9993314589
18.77,0.9993314998
18.78,0.9993315412
18.79,0.9993315829
18.8,0.9993316251
18.81,0.9993316675
18.82,0.9993317104
18.83,0.9993317536
18.84,0.9993317971
18.85,0.999331841
18.86,0.9993318852
18.87,0.9993319297
18.88,0.9993319746
18.89,0.9993320198
18.9,0.9993320653
18.91,0.9993321111
18.92,0.9993321572
18.93,0.9993322037
18.94,0.9993322504
18.95,0.9993322974
18.96,0.9993323447
18.97,0.9993323924
18.98,0.9993324403
18.99,0.9993324885
19,0.999332537
19.01,0.9993325857
19.02,0.9993326348
19.03,0.9993326841
19.04,0.9993327337
19.05,0.9993327836
19.06,0.9993328338
19.07,0.9993328843
19.08,0.999332935
19.09,0.9993329859
19.1,0.9993330372
19.11,0.9993330887
19.12,0.9993331404
19.13,0.9993331925
19.14,0.9993332447
19.15,0.9993332972
19.16,0.9993333499
19.17,0.9993334029
19.18,0.9993334561
19.19,0.9993335095
19.2,0.999333563
19.21,0.9993336168
19.22,0.9993336708
19.23,0.999333725
19.24,0.9993337793
19.25,0.9993338338
19.26,0.9993338884
19.27,0.9993339432
19.28,0.999333998
19.29,0.999334053
19.3,0.999334108
19.31,0.9993341632
19.32,0.9993342184
19.33,0.9993342736
19.34,0.9993343289
19.35,0.9993343841
19.36,0.9993344394
19.37,0.9993344946
19.38,0.9993345497
19.39,0.9993346048
19.4,0.9993346599
19.41,0.9993347148
19.42,0.9993347695
19.43,0.9993348241
19.44,0.9993348786
19.45,0.9993349329
19.46,0.9993349869
19.47,0.9993350407
19.48,0.9993350943
19.49,0.9993351475
19.5,0.9993352005
19.51,0.9993352532
19.52,0.9993353055
19.53,0.9993353575
19.54,0.9993354091
19.55,0.9993354603
19.56,0.9993355111
19.57,0.9993355614
19.58,0.9993356113
19.59,0.9993356607
19.6,0.9993357097
19.61,0.9993357581
19.62,0.999335806
19.63,0.9993358534
19.64,0.9993359003
19.65,0.9993359466
19.66,0.9993359923
19.67,0.9993360375
19.68,0.9993360821
19.69,0.9993361261
19.7,0.9993361695
19.71,0.9993362122
19.72,0.9993362544
19.73,0.9993362959
19.74,0.9993363369
19.75,0.9993363772
19.76,0.9993364169
19.77,0.9993364559
19.78,0.9993364944
19.79,0.9993365322
19.8,0.9993365694
19.81,0.999336606
19.82,0.999336642
19.83,0.9993366774
19.84,0.9993367122
19.85,0.9993367464
19.86,0.9993367801
19.87,0.9993368131
19.88,0.9993368456
19.89,0.9993368776
19.9,0.999336909
19.91,0.9993369399
19.92,0.9993369702
19.93,0.9993370001
19.94,0.9993370295
19.95,0.9993370583
19.96,0.9993370868
19.97,0.9993371147
19.98,0.9993371422
19.99,0.9993371693
20,0.999337196
20.01,0.9993372222
20.02,0.9993372481
20.03,0.9993372735
20.04,0.9993372986
20.05,0.9993373233
20.06,0.9993373477
20.07,0.9993373717
20.08,0.9993373954
20.09,0.9993374188
20.1,0.9993374418
20.11,0.9993374645
20.12,0.9993374869
20.13,0.999337509
20.14,0.9993375308
20.15,0.9993375523
20.16,0.9993375735
20.17,0.9993375944
20.18,0.999337615
20.19,0.9993376354
20.2,0.9993376554
20.21,0.9993376751
20.22,0.9993376946
20.23,0.9993377137
20.24,0.9993377326
20.25,0.9993377511
20.26,0.9993377693
20.27,0.9993377872
20.28,0.9993378048
20.29,0.999337822
20.3,0.9993378389
20.31,0.9993378555
20.32,0.9993378717
20.33,0.9993378876
20.34,0.999337903
20.35,0.9993379181
20.36,0.9993379328
20.37,0.9993379472
20.38,0.9993379611
20.39,0.9993379746
20.4,0.9993379876
20.41,0.9993380003
20.42,0.9993380125
20.43,0.9993380242
20.44,0.9993380356
20.45,0.9993380464
20.46,0.9993380568
20.47,0.9993380667
20.48,0.9993380761
20.49,0.999338085
20.5,0.9993380935
20.51,0.9993381014
20.52,0.9993381089
20.53,0.9993381158
20.54,0.9993381223
20.55,0.9993381282
20.56,0.9993381337
20.57,0.9993381386
20.58,0.9993381431
20.59,0.999338147
20.6,0.9993381505
20.61,0.9993381534
20.62,0.9993381559
20.63,0.9993381579
20.64,0.9993381594
20.65,0.9993381604
20.66,0.999338161
20.67,0.9993381611
20.68,0.9993381608
20.69,0.99933816
20.7,0.9993381588
20.71,0.9993381572
20.72,0.9993381552
20.73,0.9993381528
20.74,0.99933815
20.75,0.9993381469
20.76,0.9993381434
20.77,0.9993381396
20.78,0.9993381355
20.79,0.999338131
20.8,0.9993381263
20.81,0.9993381213
20.82,0.9993381161
20.83,0.9993381106
20.84,0.999338105
20.85,0.9993380991
20.86,0.999338093
20.87,0.9993380868
20.88,0.9993380805
20.89,0.999338074
20.9,0.9993380674
20.91,0.9993380607
20.92,0.999338054
20.93,0.9993380472
20.94,0.9993380404
20.95,0.9993380335
20.96,0.9993380267
20.97,0.9993380198
20.98,0.999338013
20.99,0.9993380063
21,0.9993379996
21.01,0.999337993
21.02,0.9993379864
21.03,0.99933798
21.04,0.9993379737
21.05,0.9993379674
21.06,0.9993379614
21.07,0.9993379554
21.08,0.9993379496
21.09,0.9993379439
21.1,0.9993379384
21.11,0.999337933
21.12,0.9993379278
21.13,0.9993379227
21.14,0.9993379177
21.15,0.999337913
21.16,0.9993379083
21.17,0.9993379038
21.18,0.9993378995
21.19,0.9993378952
21.2,0.9993378911
21.21,0.9993378871
21.22,0.9993378831
21.23,0.9993378793
21.24,0.9993378755
21.25,0.9993378718
21.26,0.9993378681
21.27,0.9993378645
21.28,0.9993378609
21.29,0.9993378572
21.3,0.9993378536
21.31,0.9993378499
21.32,0.9993378462
21.33,0.9993378424
21.34,0.9993378385
21.35,0.9993378346
21.36,0.9993378305
21.37,0.9993378262
21.38,0.9993378219
21.39,0.9993378173
21.4,0.9993378126
21.41,0.9993378077
21.42,0.9993378025
21.43,0.9993377971
21.44,0.9993377915
21.45,0.9993377857
21.46,0.9993377796
21.47,0.9993377732
21.48,0.9993377665
21.49,0.9993377596
21.5,0.9993377523
21.51,0.9993377447
21.52,0.9993377369
21.53,0.9993377287
21.54,0.9993377202
21.55,0.9993377113
21.56,0.9993377022
21.57,0.9993376927
21.58,0.9993376829
21.59,0.9993376728
21.6,0.9993376624
21.61,0.9993376516
21.62,0.9993376406
21.63,0.9993376292
21.64,0.9993376176
21.65,0.9993376057
21.66,0.9993375934
21.67,0.999337581
21.68,0.9993375682
21.69,0.9993375552
21.7,0.9993375419
21.71,0.9993375285
21.72,0.9993375148
21.73,0.9993375008
21.74,0.9993374867
21.75,0.9993374724
21.76,0.999337458
21.77,0.9993374433
21.78,0.9993374285
21.79,0.9993374136
21.8,0.9993373986
21.81,0.9993373834
21.82,0.9993373681
21.83,0.9993373528
21.84,0.9993373373
21.85,0.9993373218
21.86,0.9993373062
21.87,0.9993372906
21.88,0.9993372749
21.89,0.9993372592
21.9,0.9993372435
21.91,0.9993372277
21.92,0.9993372119
21.93,0.9993371961
21.94,0.9993371803
21.95,0.9993371645
21.96,0.9993371487
21.97,0.9993371329
21.98,0.999337117
21.99,0.9993371012
22,0.9993370853
22.01,0.9993370695
22.02,0.9993370536
22.03,0.9993370377
22.04,0.9993370218
22.05,0.9993370058
22.06,0.9993369898
22.07,0.9993369737
22.08,0.9993369576
22.09,0.9993369413
22.1,0.999336925
22.11,0.9993369086
22.12,0.9993368921
22.13,0.9993368755
22.14,0.9993368587
22.15,0.9993368417
22.16,0.9993368246
22.17,0.9993368073
22.18,0.9993367898
22.19,0.999336772
22.2,0.999336754
22.21,0.9993367358
22.22,0.9993367173
22.23,0.9993366984
22.24,0.9993366793
22.25,0.9993366598
22.26,0.99933664
22.27,0.9993366198
22.28,0.9993365992
22.29,0.9993365782
22.3,0.9993365567
22.31,0.9993365349
22.32,0.9993365125
22.33,0.9993364897
22.34,0.9993364665
22.35,0.9993364427
22.36,0.9993364183
22.37,0.9993363935
22.38,0.9993363681
22.39,0.9993363421
22.4,0.9993363156
22.41,0.9993362885
22.42,0.9993362608
22.43,0.9993362325
22.44,0.9993362036
22.45,0.9993361741
22.46,0.999336144
22.47,0.9993361132
22.48,0.9993360818
22.49,0.9993360498
22.5,0.9993360172
22.51,0.9993359839
22.52,0.99933595
22.53,0.9993359155
22.54,0.9993358804
22.55,0.9993358446
22.56,0.9993358082
22.57,0.9993357712
22.58,0.9993357336
22.59,0.9993356954
22.6,0.9993356566
22.61,0.9993356173
22.62,0.9993355773
22.63,0.9993355368
22.64,0.9993354958
22.65,0.9993354542
22.66,0.9993354121
22.67,0.9993353695
22.68,0.9993353264
22.69,0.9993352827
22.7,0.9993352387
22.71,0.9993351941
22.72,0.9993351491
22.73,0.9993351037
22.74,0.9993350578
22.75,0.9993350116
22.76,0.9993349649
22.77,0.9993349178
22.78,0.9993348704
22.79,0.9993348226
22.8,0.9993347745
22.81,0.999334726
22.82,0.9993346771
22.83,0.999334628
22.84,0.9993345785
22.85,0.9993345287
22.86,0.9993344786
22.87,0.9993344282
22.88,0.9993343775
22.89,0.9993343265
22.9,0.9993342752
22.91,0.9993342237
22.92,0.9993341718
22.93,0.9993341197
22.94,0.9993340673
22.95,0.9993340146
22.96,0.9993339617
22.97,0.9993339084
22.98,0.9993338549
22.99,0.999333801
23,0.9993337469
23.01,0.9993336925
23.02,0.9993336378
23.03,0.9993335827
23.04,0.9993335274
23.05,0.9993334718
23.06,0.9993334158
23.07,0.9993333595
23.08,0.9993333029
23.09,0.999333246
23.1,0.9993331887
23.11,0.9993331311
23.12,0.9993330731
23.13,0.9993330148
23.14,0.9993329562
23.15,0.9993328972
23.16,0.9993328378
23.17,0.9993327781
23.18,0.999332718
23.19,0.9993326576
23.2,0.9993325968
23.21,0.9993325357
23.22,0.9993324742
23.23,0.9993324123
23.24,0.9993323501
23.25,0.9993322875
23.26,0.9993322246
23.27,0.9993321614
23.28,0.9993320978
23.29,0.9993320339
23.3,0.9993319697
23.31,0.9993319052
23.32,0.9993318404
23.33,0.9993317753
23.34,0.9993317099
23.35,0.9993316443
23.36,0.9993315784
23.37,0.9993315123
23.38,0.9993314459
23.39,0.9993313794
23.4,0.9993313126
23.41,0.9993312457
23.42,0.9993311786
23.43,0.9993311114
23.44,0.9993310441
23.45,0.9993309766
23.46,0.9993309091
23.47,0.9993308416
23.48,0.999330774
23.49,0.9993307064
23.5,0.9993306387
23.51,0.9993305712
23.52,0.9993305036
23.53,0.9993304362
23.54,0.9993303688
23.55,0.9993303016
23.56,0.9993302344
23.57,0.9993301675
23.58,0.9993301007
23.59,0.9993300342
23.6,0.9993299679
23.61,0.9993299018
23.62,0.999329836
23.63,0.9993297705
23.64,0.9993297053
23.65,0.9993296404
23.66,0.9993295759
23.67,0.9993295117
23.68,0.999329448
23.69,0.9993293846
23.7,0.9993293217
23.71,0.9993292591
23.72,0.9993291971
23.73,0.9993291354
23.74,0.9993290743
23.75,0.9993290136
23.76,0.9993289534
23.77,0.9993288937
23.78,0.9993288345
23.79,0.9993287759
23.8,0.9993287177
23.81,0.99932866
23.82,0.9993286029
23.83,0.9993285463
23.84,0.9993284902
23.85,0.9993284346
23.86,0.9993283796
23.87,0.9993283251
23.88,0.9993282711
23.89,0.9993282176
23.9,0.9993281646
23.91,0.9993281122
23.92,0.9993280602
23.93,0.9993280088
23.94,0.9993279578
23.95,0.9993279073
23.96,0.9993278574
23.97,0.9993278078
23.98,0.9993277588
23.99,0.9993277102
24,0.9993276621
24.01,0.9993276145
24.02,0.9993275673
24.03,0.9993275205
24.04,0.9993274742
24.05,0.9993274284
24.06,0.9993273829
24.07,0.999327338
24.08,0.9993272934
24.09,0.9993272493
24.1,0.9993272056
24.11,0.9993271624
24.12,0.9993271196
24.13,0.9993270772
24.14,0.9993270353
24.15,0.9993269939
24.16,0.9993269529
24.17,0.9993269124
24.18,0.9993268724
24.19,0.9993268328
24.2,0.9993267938
24.21,0.9993267553
24.22,0.9993267173
24.23,0.9993266798
24.24,0.9993266429
24.25,0.9993266066
24.26,0.9993265708
24.27,0.9993265357
24.28,0.9993265012
24.29,0.9993264673
24.3,0.9993264341
24.31,0.9993264016
24.32,0.9993263698
24.33,0.9993263387
24.34,0.9993263083
24.35,0.9993262788
24.36,0.99932625
24.37,0.9993262221
24.38,0.999326195
24.39,0.9993261688
24.4,0.9993261435
24.41,0.999326119
24.42,0.9993260956
24.43,0.9993260731
24.44,0.9993260515
24.45,0.999326031
24.46,0.9993260115
24.47,0.9993259931
24.48,0.9993259757
24.49,0.9993259594
24.5,0.9993259442
24.51,0.9993259302
24.52,0.9993259173
24.53,0.9993259055
24.54,0.9993258949
24.55,0.9993258855
24.56,0.9993258773
24.57,0.9993258704
24.58,0.9993258646
24.59,0.99932586
24.6,0.9993258567
24.61,0.9993258546
24.62,0.9993258538
24.63,0.9993258542
24.64,0.9993258558
24.65,0.9993258587
24.66,0.9993258628
24.67,0.9993258682
24.68,0.9993258748
24.69,0.9993258826
24.7,0.9993258917
24.71,0.9993259019
24.72,0.9993259134
24.73,0.999325926
24.74,0.9993259398
24.75,0.9993259548
24.76,0.9993259709
24.77,0.9993259882
24.78,0.9993260066
24.79,0.9993260261
24.8,0.9993260466
24.81,0.9993260682
24.82,0.9993260909
24.83,0.9993261146
24.84,0.9993261393
24.85,0.999326165
24.86,0.9993261917
24.87,0.9993262193
24.88,0.9993262478
24.89,0.9993262773
24.9,0.9993263076
24.91,0.9993263388
24.92,0.9993263709
24.93,0.9993264037
24.94,0.9993264374
24.95,0.9993264719
24.96,0.9993265071
24.97,0.9993265431
24.98,0.9993265798
24.99,0.9993266173
25,0.9993266554
25.01,0.9993266942
25.02,0.9993267337
25.03,0.9993267739
25.04,0.9993268147
25.05,0.9993268562
25.06,0.9993268982
25.07,0.9993269409
25.08,0.9993269842
25.09,0.999327028
25.1,0.9993270725
25.11,0.9993271175
25.12,0.9993271631
25.13,0.9993272093
25.14,0.999327256
25.15,0.9993273034
25.16,0.9993273512
25.17,0.9993273996
25.18,0.9993274486
25.19,0.9993274981
25.2,0.9993275482
25.21,0.9993275989
25.22,0.9993276501
25.23,0.9993277019
25.24,0.9993277543
25.25,0.9993278072
25.26,0.9993278607
25.27,0.9993279148
25.28,0.9993279695
25.29,0.9993280248
25.3,0.9993280806
25.31,0.9993281371
25.32,0.9993281942
25.33,0.999328252
25.34,0.9993283103
25.35,0.9993283693
25.36,0.9993284289
25.37,0.9993284892
25.38,0.9993285501
25.39,0.9993286117
25.4,0.9993286739
25.41,0.9993287368
25.42,0.9993288003
25.43,0.9993288645
25.44,0.9993289294
25.45,0.9993289949
25.46,0.9993290611
25.47,0.9993291279
25.48,0.9993291954
25.49,0.9993292635
25.5,0.9993293323
25.51,0.9993294017
25.52,0.9993294717
25.53,0.9993295424
25.54,0.9993296136
25.55,0.9993296855
25.56,0.9993297579
25.57,0.9993298309
25.58,0.9993299045
25.59,0.9993299785
25.6,0.9993300531
25.61,0.9993301282
25.62,0.9993302038
25.63,0.9993302798
25.64,0.9993303562
25.65,0.9993304331
25.66,0.9993305104
25.67,0.999330588
25.68,0.9993306659
25.69,0.9993307442
25.7,0.9993308228
25.71,0.9993309016
25.72,0.9993309807
25.73,0.99933106
25.74,0.9993311394
25.75,0.9993312191
25.76,0.9993312988
25.77,0.9993313787
25.78,0.9993314587
25.79,0.9993315387
25.8,0.9993316187
25.81,0.9993316987
25.82,0.9993317787
25.83,0.9993318587
25.84,0.9993319386
25.85,0.9993320184
25.86,0.9993320981
25.87,0.9993321776
25.88,0.999332257
25.89,0.9993323362
25.9,0.9993324152
25.91,0.999332494
25.92,0.9993325725
25.93,0.9993326508
25.94,0.9993327288
25.95,0.9993328065
25.96,0.9993328839
25.97,0.999332961
25.98,0.9993330378
25.99,0.9993331142
26,0.9993331903
26.01,0.999333266
26.02,0.9993333413
26.03,0.9993334163
26.04,0.9993334908
26.05,0.999333565
26.06,0.9993336388
26.07,0.9993337122
26.08,0.9993337851
26.09,0.9993338577
26.1,0.9993339299
26.11,0.9993340016
26.12,0.999334073
26.13,0.9993341439
26.14,0.9993342145
26.15,0.9993342847
26.16,0.9993343544
26.17,0.9993344238
26.18,0.9993344929
26.19,0.9993345615
26.2,0.9993346298
26.21,0.9993346977
26.22,0.9993347653
26.23,0.9993348325
26.24,0.9993348994
26.25,0.999334966
26.26,0.9993350323
26.27,0.9993350983
26.28,0.9993351639
26.29,0.9993352293
26.3,0.9993352945
26.31,0.9993353594
26.32,0.999335424
26.33,0.9993354884
26.34,0.9993355525
26.35,0.9993356164
26.36,0.9993356802
26.37,0.9993357437
26.38,0.999335807
26.39,0.9993358701
26.4,0.999335933
26.41,0.9993359957
26.42,0.9993360582
26.43,0.9993361206
26.44,0.9993361828
26.45,0.9993362448
26.46,0.9993363066
26.47,0.9993363682
26.48,0.9993364296
26.49,0.9993364909
26.5,0.999336552
26.51,0.9993366128
26.52,0.9993366735
26.53,0.9993367339
26.54,0.9993367941
26.55,0.9993368541
26.56,0.9993369138
26.57,0.9993369732
26.58,0.9993370324
26.59,0.9993370912
26.6,0.9993371498
26.61,0.999337208
26.62,0.9993372659
26.63,0.9993373234
26.64,0.9993373806
26.65,0.9993374373
26.66,0.9993374936
26.67,0.9993375495
26.68,0.9993376049
26.69,0.9993376599
26.7,0.9993377143
26.71,0.9993377682
26.72,0.9993378215
26.73,0.9993378743
26.74,0.9993379265
26.75,0.9993379781
26.76,0.9993380291
26.77,0.9993380795
26.78,0.9993381291
26.79,0.9993381781
26.8,0.9993382264
26.81,0.999338274
26.82,0.9993383208
26.83,0.9993383669
26.84,0.9993384122
26.85,0.9993384568
26.86,0.9993385005
26.87,0.9993385435
26.88,0.9993385857
26.89,0.999338627
26.9,0.9993386675
26.91,0.9993387072
26.92,0.9993387461
26.93,0.9993387841
26.94,0.9993388212
26.95,0.9993388576
26.96,0.999338893
26.97,0.9993389277
26.98,0.9993389614
26.99,0.9993389944
27,0.9993390264
27.01,0.9993390577
27.02,0.9993390881
27.03,0.9993391177
27.04,0.9993391464
27.05,0.9993391744
27.06,0.9993392015
27.07,0.9993392279
27.08,0.9993392534
27.09,0.9993392782
27.1,0.9993393022
27.11,0.9993393255
27.12,0.999339348
27.13,0.9993393697
27.14,0.9993393908
27.15,0.9993394111
27.16,0.9993394307
27.17,0.9993394497
27.18,0.999339468
27.19,0.9993394856
27.2,0.9993395025
27.21,0.9993395189
27.22,0.9993395346
27.23,0.9993395497
27.24,0.9993395642
27.25,0.999339578
27.26,0.9993395914
27.27,0.9993396041
27.28,0.9993396163
27.29,0.9993396279
27.3,0.999339639
27.31,0.9993396496
27.32,0.9993396596
27.33,0.9993396691
27.34,0.9993396781
27.35,0.9993396866
27.36,0.9993396946
27.37,0.999339702
27.38,0.999339709
27.39,0.9993397155
27.4,0.9993397216
27.41,0.9993397271
27.42,0.9993397321
27.43,0.9993397367
27.44,0.9993397408
27.45,0.9993397444
27.46,0.9993397475
27.47,0.9993397501
27.48,0.9993397522
27.49,0.9993397539
27.5,0.9993397551
27.51,0.9993397557
27.52,0.9993397559
27.53,0.9993397555
27.54,0.9993397547
27.55,0.9993397533
27.56,0.9993397515
27.57,0.9993397491
27.58,0.9993397462
27.59,0.9993397427
27.6,0.9993397387
27.61,0.9993397342
27.62,0.9993397291
27.63,0.9993397235
27.64,0.9993397173
27.65,0.9993397106
27.66,0.9993397033
27.67,0.9993396954
27.68,0.9993396869
27.69,0.9993396779
27.7,0.9993396683
27.71,0.999339658
27.72,0.9993396472
27.73,0.9993396358
27.74,0.9993396238
27.75,0.9993396112
27.76,0.999339598
27.77,0.9993395842
27.78,0.9993395698
27.79,0.9993395548
27.8,0.9993395392
27.81,0.999339523
27.82,0.9993395061
27.83,0.9993394887
27.84,0.9993394706
27.85,0.999339452
27.86,0.9993394328
27.87,0.9993394129
27.88,0.9993393925
27.89,0.9993393715
27.9,0.9993393499
27.91,0.9993393278
27.92,0.999339305
27.93,0.9993392817
27.94,0.9993392579
27.95,0.9993392335
27.96,0.9993392085
27.97,0.999339183
27.98,0.999339157
27.99,0.9993391305
28,0.9993391034
28.01,0.9993390759
28.02,0.9993390478
28.03,0.9993390193
28.04,0.9993389902
28.05,0.9993389607
28.06,0.9993389307
28.07,0.9993389003
28.08,0.9993388694
28.09,0.9993388381
28.1,0.9993388064
28.11,0.9993387742
28.12,0.9993387416
28.13,0.9993387086
28.14,0.9993386751
28.15,0.9993386413
28.16,0.9993386071
28.17,0.9993385725
28.18,0.9993385375
28.19,0.9993385022
28.2,0.9993384665
28.21,0.9993384304
28.22,0.999338394
28.23,0.9993383572
28.24,0.99933832
28.25,0.9993382825
28.26,0.9993382447
28.27,0.9993382065
28.28,0.999338168
28.29,0.9993381291
28.3,0.99933809
28.31,0.9993380505
28.32,0.9993380106
28.33,0.9993379705
28.34,0.99933793
28.35,0.9993378892
28.36,0.9993378481
28.37,0.9993378067
28.38,0.9993377649
28.39,0.9993377229
28.4,0.9993376806
28.41,0.9993376379
28.42,0.999337595
28.43,0.9993375517
28.44,0.9993375082
28.45,0.9993374643
28.46,0.9993374202
28.47,0.9993373758
28.48,0.9993373312
28.49,0.9993372862
28.5,0.999337241
28.51,0.9993371956
28.52,0.9993371498
28.53,0.9993371039
28.54,0.9993370577
28.55,0.9993370112
28.56,0.9993369646
28.57,0.9993369177
28.58,0.9993368706
28.59,0.9993368233
28.6,0.9993367758
28.61,0.9993367281
28.62,0.9993366802
28.63,0.9993366322
28.64,0.999336584
28.65,0.9993365357
28.66,0.9993364873
28.67,0.9993364387
28.68,0.99933639
28.69,0.9993363412
28.7,0.9993362924
28.71,0.9993362434
28.72,0.9993361944
28.73,0.9993361454
28.74,0.9993360963
28.75,0.9993360472
28.76,0.9993359981
28.77,0.999335949
28.78,0.9993358999
28.79,0.9993358508
28.8,0.9993358018
28.81,0.9993357528
28.82,0.9993357039
28.83,0.9993356551
28.84,0.9993356063
28.85,0.9993355576
28.86,0.9993355091
28.87,0.9993354606
28.88,0.9993354123
28.89,0.9993353641
28.9,0.9993353161
28.91,0.9993352682
28.92,0.9993352205
28.93,0.999335173
28.94,0.9993351256
28.95,0.9993350785
28.96,0.9993350315
28.97,0.9993349847
28.98,0.9993349382
28.99,0.9993348918
29,0.9993348457
29.01,0.9993347998
29.02,0.9993347542
29.03,0.9993347087
29.04,0.9993346635
29.05,0.9993346186
29.06,0.9993345739
29.07,0.9993345294
29.08,0.9993344852
29.09,0.9993344413
29.1,0.9993343976
29.11,0.9993343542
29.12,0.9993343111
29.13,0.9993342682
29.14,0.9993342256
29.15,0.9993341833
29.16,0.9993341412
29.17,0.9993340994
29.18,0.9993340579
29.19,0.9993340167
29.2,0.9993339758
29.21,0.9993339351
29.22,0.9993338948
29.23,0.9993338547
29.24,0.9993338149
29.25,0.9993337754
29.26,0.9993337361
29.27,0.9993336972
29.28,0.9993336586
29.29,0.9993336202
29.3,0.9993335822
29.31,0.9993335445
29.32,0.999333507
29.33,0.9993334698
29.34,0.999333433
29.35,0.9993333964
29.36,0.9993333602
29.37,0.9993333243
29.38,0.9993332886
29.39,0.9993332533
29.4,0.9993332183
29.41,0.9993331835
29.42,0.9993331491
29.43,0.9993331151
29.44,0.9993330813
29.45,0.9993330478
29.46,0.9993330147
29.47,0.9993329819
29.48,0.9993329494
29.49,0.9993329173
29.5,0.9993328855
29.51,0.999332854
29.52,0.9993328229
29.53,0.9993327921
29.54,0.9993327616
29.55,0.9993327316
29.56,0.9993327018
29.57,0.9993326725
29.58,0.9993326435
29.59,0.9993326149
29.6,0.9993325867
29.61,0.9993325589
29.62,0.9993325314
29.63,0.9993325044
29.64,0.9993324778
29.65,0.9993324516
29.66,0.9993324258
29.67,0.9993324004
29.68,0.9993323755
29.69,0.999332351
29.7,0.999332327
29.71,0.9993323034
29.72,0.9993322803
29.73,0.9993322576
29.74,0.9993322355
29.75,0.9993322138
29.76,0.9993321926
29.77,0.9993321718
29.78,0.9993321516
29.79,0.9993321318
29.8,0.9993321126
29.81,0.9993320939
29.82,0.9993320756
29.83,0.9993320579
29.84,0.9993320407
29.85,0.999332024
29.86,0.9993320078
29.87,0.999331992
29.88,0.9993319768
29.89,0.9993319621
29.9,0.9993319479
29.91,0.9993319342
29.92,0.999331921
29.93,0.9993319083
29.94,0.9993318961
29.95,0.9993318843
29.96,0.999331873
29.97,0.9993318622
29.98,0.9993318518
29.99,0.9993318419
30,0.9993318325
